,Neighborhood,Price,Bedrooms,Bathrooms,House Size,Description,Neighborhood Description
0,Willow Creek,1200000,4,3,3500,"Escape to this luxurious retreat in the sought-after Willow Creek neighborhood. This grand 4-bedroom, 3-bathroom home exudes elegance with its soaring ceilings, marble floors, and custom millwork. The chef's kitchen features state-of-the-art appliances, a sprawling island, and a butler's pantry. Entertain guests in the formal dining room or cozy up by the fireplace in the inviting living room. The master suite is a true sanctuary with a spa-like bathroom and a private balcony overlooking the manicured backyard. Enjoy the resort-style amenities including a sparkling pool, outdoor kitchen, and fire pit. Live the Willow Creek lifestyle in this exceptional home.","Willow Creek is an exclusive gated community renowned for its pristine golf course, tennis courts, and equestrian center. Residents enjoy a private clubhouse, community events, and a 24-hour security patrol. The neighborhood is conveniently located near upscale shopping, fine dining, and top-rated schools."
1,Serene Hills,350000,2,1,1200,"Nestled in the tranquil Serene Hills neighborhood, this cozy 2-bedroom, 1-bathroom home offers a peaceful retreat. Step inside to discover a bright and airy living room with large windows overlooking the lush backyard. The updated kitchen features granite countertops, stainless steel appliances, and ample cabinet space. Both bedrooms are generously sized and offer plenty of natural light. The backyard is a private oasis with a covered patio, mature trees, and a fire pit, perfect for relaxing and entertaining. Enjoy the serenity of Serene Hills in this charming and affordable home.","Serene Hills is a family-friendly neighborhood known for its rolling hills, tree-lined streets, and community spirit. Residents enjoy access to a community pool, playground, and hiking trails. The neighborhood is conveniently located near schools, shopping, and public transportation."
2,Waterfront Heights,2500000,5,4,4000,"Welcome to your waterfront paradise in the exclusive Waterfront Heights neighborhood. This stunning 5-bedroom, 4-bathroom home offers breathtaking views of the sparkling bay from every room. The grand foyer leads to a spacious living room with soaring ceilings and a wall of windows overlooking the water. The gourmet kitchen is a chef's dream with a large center island, top-of-the-line appliances, and a butler's pantry. The master suite is a luxurious retreat with a private balcony, a spa-like bathroom, and a walk-in closet. Step outside to the backyard oasis featuring a heated pool, outdoor kitchen, and a private dock. Live the ultimate waterfront lifestyle in this exceptional Waterfront Heights home.","Waterfront Heights is a prestigious gated community offering an unparalleled waterfront lifestyle. Residents enjoy access to a private marina, a community clubhouse, and 24-hour security. The neighborhood is conveniently located near upscale shopping, fine dining, and top-rated schools."
3,Cozy Creek,450000,3,2,1800,"Step into the warmth and charm of this 3-bedroom, 2-bathroom home nestled in the heart of Cozy Creek. The inviting living room features a cozy fireplace and large windows overlooking the private backyard. The updated kitchen boasts granite countertops, stainless steel appliances, and a breakfast nook. The spacious master suite offers a walk-in closet and a private bathroom with a soaking tub. Enjoy outdoor living on the covered patio or gather around the fire pit in the fenced-in backyard. This charming home is perfect for families and those seeking a sense of community.","Cozy Creek is a friendly and welcoming neighborhood with a strong sense of community. Residents enjoy access to a community pool, playground, and walking trails. The neighborhood is conveniently located near schools, shopping, and public transportation."
4,The Orchards,1000000,4,3,2500,"Welcome to your dream home in the prestigious Orchards neighborhood. This elegant 4-bedroom, 3-bathroom home exudes sophistication and charm. The grand foyer leads to a spacious living room with soaring ceilings and a cozy fireplace. The gourmet kitchen is a chef's delight with a large center island, top-of-the-line appliances, and a butler's pantry. The master suite is a luxurious retreat with a private balcony, a spa-like bathroom, and a walk-in closet. Step outside to the backyard oasis featuring a sparkling pool, outdoor kitchen, and lush landscaping. Live the good life in this exceptional Orchards home.","The Orchards is a private gated community known for its sprawling estates, manicured lawns, and mature trees. Residents enjoy access to a community clubhouse, tennis courts, and 24-hour security. The neighborhood is conveniently located near upscale shopping, fine dining, and top-rated schools."
5,Hilltop Haven,650000,3,2,2200,"Escape to your own private sanctuary in the serene Hilltop Haven neighborhood. This stunning 3-bedroom, 2-bathroom home offers breathtaking panoramic views from every room. The open-concept living area features soaring ceilings, a cozy fireplace, and floor-to-ceiling windows that flood the space with natural light. The gourmet kitchen is a chef's dream with a large center island, top-of-the-line appliances, and a walk-in pantry. The spacious master suite offers a private balcony, a spa-like bathroom, and a walk-in closet. Step outside to the backyard oasis featuring a sparkling pool, outdoor kitchen, and lush landscaping. Live the ultimate hilltop lifestyle in this exceptional Hilltop Haven home.","Hilltop Haven is an exclusive gated community perched atop a hill overlooking the city. Residents enjoy access to a private clubhouse, fitness center, and hiking trails. The neighborhood is conveniently located near upscale shopping, fine dining, and top-rated schools."
6,Tranquil Shores,2000000,4,3,3000,"Welcome to your waterfront paradise in the exclusive Tranquil Shores neighborhood. This stunning 4-bedroom, 3-bathroom home offers breathtaking views of the sparkling lake from every room. The grand foyer leads to a spacious living room with soaring ceilings and a wall of windows overlooking the water. The gourmet kitchen is a chef's dream with a large center island, top-of-the-line appliances, and a butler's pantry. The master suite is a luxurious retreat with a private balcony, a spa-like bathroom, and a walk-in closet. Step outside to the backyard oasis featuring a heated pool, outdoor kitchen, and a private dock. Live the ultimate waterfront lifestyle in this exceptional Tranquil Shores home.","Tranquil Shores is a prestigious gated community offering an unparalleled waterfront lifestyle. Residents enjoy access to a private marina, a community clubhouse, and 24-hour security. The neighborhood is conveniently located near upscale shopping, fine dining, and top-rated schools."
7,Serene Meadows,400000,3,2,1600,"Escape to the tranquility of Serene Meadows in this charming 3-bedroom, 2-bathroom home. Nestled on a quiet cul-de-sac, this home offers a peaceful retreat from the hustle and bustle of city life. The open-concept living area features a cozy fireplace and large windows that flood the space with natural light. The updated kitchen boasts granite countertops, stainless steel appliances, and a breakfast bar. The spacious master suite offers a walk-in closet and a private bathroom with a soaking tub. Step outside to the backyard oasis featuring a covered patio, mature trees, and a fire pit. Enjoy the serenity of Serene Meadows in this delightful home.","Serene Meadows is a family-friendly neighborhood known for its rolling hills, lush greenery, and friendly community. Residents enjoy access to a community pool, playground, and walking trails. The neighborhood is conveniently located near schools, shopping, and public transportation."
8,The Heights,1500000,5,4,4500,"Welcome to your dream home in the prestigious Heights neighborhood. This magnificent 5-bedroom, 4-bathroom home exudes elegance and sophistication. The grand foyer leads to a spacious living room with soaring ceilings and a cozy fireplace. The gourmet kitchen is a chef's delight with a large center island, top-of-the-line appliances, and a butler's pantry. The master suite is a luxurious retreat with a private balcony, a spa-like bathroom, and a walk-in closet. Step outside to the backyard oasis featuring a sparkling pool, outdoor kitchen, and lush landscaping. Live the ultimate luxury lifestyle in this exceptional Heights home.","The Heights is a private gated community known for its sprawling estates, manicured lawns, and mature trees. Residents enjoy access to a community clubhouse, tennis courts, and 24-hour security. The neighborhood is conveniently located near upscale shopping, fine dining, and top-rated schools."
9,Sunset Ridge,700000,4,3,2800,"Welcome to your dream home in the sought-after Sunset Ridge neighborhood. This stunning 4-bedroom, 3-bathroom home offers breathtaking sunset views from every room. The open-concept living area features soaring ceilings, a cozy fireplace, and floor-to-ceiling windows that flood the space with natural light. The gourmet kitchen is a chef's dream with a large center island, top-of-the-line appliances, and a walk-in pantry. The spacious master suite offers a private balcony, a spa-like bathroom, and a walk-in closet. Step outside to the backyard oasis featuring a sparkling pool, outdoor kitchen, and lush landscaping. Live the ultimate indoor-outdoor lifestyle in this exceptional Sunset Ridge home.","Sunset Ridge is a family-friendly neighborhood known for its rolling hills, lush greenery, and panoramic views of the city. Residents enjoy access to a community pool, playground, and hiking trails. The neighborhood is conveniently located near schools, shopping, and public transportation."
